{"cameraMode":{"drawMode":0,"name":"Shaded","section":"Shading Mode"},"sceneLighting":false,"audioPlay":false,"sceneViewState":{"m_AlwaysRefresh":false,"showFog":true,"showSkybox":false,"showFlares":true,"showImageEffects":true,"showParticleSystems":true,"showVisualEffectGraphs":true,"m_FxEnabled":true},"in2DMode":false,"pivot":{"x":0.15412172675132752,"y":1.5959999561309815,"z":-7.778078079223633},"rotation":{"x":0.0012409250484779478,"y":0.9971409440040588,"z":-0.07373300939798355,"w":0.016755076125264169},"size":0.4319513440132141,"orthographic":false}