{"cameraMode":{"drawMode":0,"name":"Shaded","section":"Shading Mode"},"sceneLighting":false,"audioPlay":false,"sceneViewState":{"m_AlwaysRefresh":false,"showFog":true,"showSkybox":false,"showFlares":true,"showImageEffects":true,"showParticleSystems":true,"showVisualEffectGraphs":true,"m_FxEnabled":true},"in2DMode":false,"pivot":{"x":-0.04891926050186157,"y":1.7163363695144654,"z":-8.628779411315918},"rotation":{"x":0.01825050823390484,"y":0.8756624460220337,"z":-0.033105235546827319,"w":0.48156049847602847},"size":0.39127904176712038,"orthographic":false}