{"cameraMode":{"drawMode":2,"name":"Shaded Wireframe","section":"Shading Mode"},"sceneLighting":true,"audioPlay":false,"sceneViewState":{"m_AlwaysRefresh":false,"showFog":true,"showSkybox":true,"showFlares":true,"showImageEffects":true,"showParticleSystems":true,"showVisualEffectGraphs":true,"m_FxEnabled":true},"in2DMode":false,"pivot":{"x":-0.3051483631134033,"y":1.7485703229904175,"z":-8.211400985717774},"rotation":{"x":0.0015018581179901958,"y":0.9878312945365906,"z":-0.009187862277030945,"w":0.1556638777256012},"size":0.6629628539085388,"orthographic":false}