{"cameraMode":{"drawMode":0,"name":"Shaded","section":"Shading Mode"},"sceneLighting":true,"audioPlay":false,"sceneViewState":{"m_AlwaysRefresh":false,"showFog":true,"showSkybox":true,"showFlares":true,"showImageEffects":true,"showParticleSystems":true,"showVisualEffectGraphs":true,"m_FxEnabled":true},"in2DMode":false,"pivot":{"x":0.5959903001785278,"y":1.601479411125183,"z":-9.601295471191407},"rotation":{"x":-0.012602549977600575,"y":-0.9702305793762207,"z":0.05065353214740753,"w":-0.23683039844036103},"size":1.2944974899291993,"orthographic":false}