{"cameraMode":{"drawMode":0,"name":"Shaded","section":"Shading Mode"},"sceneLighting":true,"audioPlay":false,"sceneViewState":{"m_AlwaysRefresh":false,"showFog":true,"showSkybox":true,"showFlares":true,"showImageEffects":true,"showParticleSystems":true,"showVisualEffectGraphs":true,"m_FxEnabled":true},"in2DMode":false,"pivot":{"x":0.20743215084075929,"y":2.2479677200317385,"z":-8.480462074279786},"rotation":{"x":-0.03691887855529785,"y":0.7415387630462647,"z":0.04098961874842644,"w":0.6687058806419373},"size":0.6908080577850342,"orthographic":false}