{"cameraMode":{"drawMode":0,"name":"Shaded","section":"Shading Mode"},"sceneLighting":true,"audioPlay":false,"sceneViewState":{"m_AlwaysRefresh":false,"showFog":true,"showSkybox":true,"showFlares":true,"showImageEffects":true,"showParticleSystems":true,"showVisualEffectGraphs":true,"m_FxEnabled":true},"in2DMode":false,"pivot":{"x":-0.5547512769699097,"y":1.4939829111099244,"z":-8.505217552185059},"rotation":{"x":0.0873919203877449,"y":0.3014150857925415,"z":-0.027725771069526674,"w":0.9491178393363953},"size":0.24569644033908845,"orthographic":false}