{"cameraMode":{"drawMode":0,"name":"Shaded","section":"Shading Mode"},"sceneLighting":true,"audioPlay":false,"sceneViewState":{"m_AlwaysRefresh":false,"showFog":true,"showSkybox":true,"showFlares":true,"showImageEffects":true,"showParticleSystems":true,"showVisualEffectGraphs":true,"m_FxEnabled":true},"in2DMode":false,"pivot":{"x":-0.6848101615905762,"y":1.8789476156234742,"z":-8.426413536071778},"rotation":{"x":0.009630058892071247,"y":0.9639178514480591,"z":-0.03500305488705635,"w":0.26396644115448},"size":0.23980289697647096,"orthographic":false}