{"cameraMode":{"drawMode":0,"name":"Shaded","section":"Shading Mode"},"sceneLighting":true,"audioPlay":false,"sceneViewState":{"m_AlwaysRefresh":false,"showFog":true,"showSkybox":true,"showFlares":true,"showImageEffects":true,"showParticleSystems":true,"showVisualEffectGraphs":true,"m_FxEnabled":true},"in2DMode":false,"pivot":{"x":691.9180297851563,"y":238.85391235351563,"z":-12.21466064453125},"rotation":{"x":-0.08268623054027558,"y":-0.026308907195925714,"z":0.0021837849635630848,"w":-0.9962254166603088},"size":189.18043518066407,"orthographic":false}