{"cameraMode":{"drawMode":0,"name":"Shaded","section":"Shading Mode"},"sceneLighting":true,"audioPlay":false,"sceneViewState":{"m_AlwaysRefresh":false,"showFog":true,"showSkybox":true,"showFlares":true,"showImageEffects":true,"showParticleSystems":true,"showVisualEffectGraphs":true,"m_FxEnabled":true},"in2DMode":false,"pivot":{"x":-0.6535391807556152,"y":2.481492519378662,"z":-8.434303283691407},"rotation":{"x":-0.0069143823347985748,"y":0.880500853061676,"z":0.012962515465915203,"w":0.4739525616168976},"size":2.0667521953582765,"orthographic":false}