{"cameraMode":{"drawMode":0,"name":"Shaded","section":"Shading Mode"},"sceneLighting":true,"audioPlay":false,"sceneViewState":{"m_AlwaysRefresh":false,"showFog":true,"showSkybox":true,"showFlares":true,"showImageEffects":true,"showParticleSystems":true,"showVisualEffectGraphs":true,"m_FxEnabled":true},"in2DMode":false,"pivot":{"x":0.018576979637145997,"y":1.8300609588623047,"z":-8.25400161743164},"rotation":{"x":0.02611597068607807,"y":0.8827528357505798,"z":-0.04929299280047417,"w":0.46665504574775698},"size":0.5340262055397034,"orthographic":false}