{"cameraMode":{"drawMode":0,"name":"Shaded","section":"Shading Mode"},"sceneLighting":true,"audioPlay":false,"sceneViewState":{"m_AlwaysRefresh":false,"showFog":true,"showSkybox":true,"showFlares":true,"showImageEffects":true,"showParticleSystems":true,"showVisualEffectGraphs":true,"m_FxEnabled":true},"in2DMode":false,"pivot":{"x":-0.23432576656341554,"y":1.6235759258270264,"z":-8.449511528015137},"rotation":{"x":0.02574050799012184,"y":0.8862226009368897,"z":-0.049489714205265048,"w":0.4600193202495575},"size":0.5942049026489258,"orthographic":false}